{
  "packages": [
    {
      "name": "esp32",
      "maintainer": "Espressif Systems",
      "websiteURL": "https://github.com/espressif/arduino-esp32",
      "email": "hristo@espressif.com",
      "help": {
        "online": "http://esp32.com"
      },
      "platforms": [
        {
          "name": "esp32",
          "architecture": "esp32",
          "version": "",
          "category": "ESP32",
          "url": "",
          "archiveFileName": "",
          "checksum": "",
          "size": "",
          "help": {
            "online": ""
          },
          "boards": [
            {
              "name": "ESP32 Dev Board"
            },
            {
              "name": "ESP32-S2 Dev Board"
            },
            {
              "name": "ESP32-S3 Dev Board"
            },
            {
              "name": "ESP32-C3 Dev Board"
            },
            {
              "name": "Arduino Nano ESP32"
            }
          ],
          "toolsDependencies": [
            {
              "packager": "esp32",
              "name": "esp32-arduino-libs",
              "version": "idf-release_v5.1-33fbade6"
            },
            {
              "packager": "esp32",
              "name": "xtensa-esp32-elf-gcc",
              "version": "esp-12.2.0_20230208"
            },
            {
              "packager": "esp32",
              "name": "xtensa-esp32s2-elf-gcc",
              "version": "esp-12.2.0_20230208"
            },
            {
              "packager": "esp32",
              "name": "xtensa-esp32s3-elf-gcc",
              "version": "esp-12.2.0_20230208"
            },
            {
              "packager": "esp32",
              "name": "xtensa-esp-elf-gdb",
              "version": "12.1_20231023"
            },
            {
              "packager": "esp32",
              "name": "riscv32-esp-elf-gcc",
              "version": "esp-12.2.0_20230208"
            },
            {
              "packager": "esp32",
              "name": "riscv32-esp-elf-gdb",
              "version": "12.1_20231023"
            },
            {
              "packager": "esp32",
              "name": "openocd-esp32",
              "version": "v0.12.0-esp32-20240821"
            },
            {
              "packager": "esp32",
              "name": "esptool_py",
              "version": "4.6"
            },
            {
              "packager": "esp32",
              "name": "mkspiffs",
              "version": "0.2.3"
            },
            {
              "packager": "esp32",
              "name": "mklittlefs",
              "version": "3.0.0-gnu12-dc7f933"
            },
            {
              "packager": "arduino",
              "name": "dfu-util",
              "version": "0.11.0-arduino5"
            }
          ]
        }
      ],
      "tools": [
        {
          "name": "esp32-arduino-libs",
          "version": "idf-release_v5.1-33fbade6",
          "systems": [
            {
              "host": "i686-mingw32",
              "url": "https://github.com/espressif/esp32-arduino-lib-builder/releases/download/idf-release_v5.1/esp32-arduino-libs-idf-release_v5.1-33fbade6.zip",
              "archiveFileName": "esp32-arduino-libs-idf-release_v5.1-33fbade6.zip",
              "checksum": "SHA-256:578f325fa9fca635d9c6c3b19726cb26077751e3155b677317bde2e0b371df7d",
              "size": "309285463"
            },
            {
              "host": "x86_64-mingw32",
              "url": "https://github.com/espressif/esp32-arduino-lib-builder/releases/download/idf-release_v5.1/esp32-arduino-libs-idf-release_v5.1-33fbade6.zip",
              "archiveFileName": "esp32-arduino-libs-idf-release_v5.1-33fbade6.zip",
              "checksum": "SHA-256:578f325fa9fca635d9c6c3b19726cb26077751e3155b677317bde2e0b371df7d",
              "size": "309285463"
            },
            {
              "host": "arm64-apple-darwin",
              "url": "https://github.com/espressif/esp32-arduino-lib-builder/releases/download/idf-release_v5.1/esp32-arduino-libs-idf-release_v5.1-33fbade6.zip",
              "archiveFileName": "esp32-arduino-libs-idf-release_v5.1-33fbade6.zip",
              "checksum": "SHA-256:578f325fa9fca635d9c6c3b19726cb26077751e3155b677317bde2e0b371df7d",
              "size": "309285463"
            },
            {
              "host": "x86_64-apple-darwin",
              "url": "https://github.com/espressif/esp32-arduino-lib-builder/releases/download/idf-release_v5.1/esp32-arduino-libs-idf-release_v5.1-33fbade6.zip",
              "archiveFileName": "esp32-arduino-libs-idf-release_v5.1-33fbade6.zip",
              "checksum": "SHA-256:578f325fa9fca635d9c6c3b19726cb26077751e3155b677317bde2e0b371df7d",
              "size": "309285463"
            },
            {
              "host": "x86_64-pc-linux-gnu",
              "url": "https://github.com/espressif/esp32-arduino-lib-builder/releases/download/idf-release_v5.1/esp32-arduino-libs-idf-release_v5.1-33fbade6.zip",
              "archiveFileName": "esp32-arduino-libs-idf-release_v5.1-33fbade6.zip",
              "checksum": "SHA-256:578f325fa9fca635d9c6c3b19726cb26077751e3155b677317bde2e0b371df7d",
              "size": "309285463"
            },
            {
              "host": "i686-pc-linux-gnu",
              "url": "https://github.com/espressif/esp32-arduino-lib-builder/releases/download/idf-release_v5.1/esp32-arduino-libs-idf-release_v5.1-33fbade6.zip",
              "archiveFileName": "esp32-arduino-libs-idf-release_v5.1-33fbade6.zip",
              "checksum": "SHA-256:578f325fa9fca635d9c6c3b19726cb26077751e3155b677317bde2e0b371df7d",
              "size": "309285463"
            },
            {
              "host": "aarch64-linux-gnu",
              "url": "https://github.com/espressif/esp32-arduino-lib-builder/releases/download/idf-release_v5.1/esp32-arduino-libs-idf-release_v5.1-33fbade6.zip",
              "archiveFileName": "esp32-arduino-libs-idf-release_v5.1-33fbade6.zip",
              "checksum": "SHA-256:578f325fa9fca635d9c6c3b19726cb26077751e3155b677317bde2e0b371df7d",
              "size": "309285463"
            },
            {
              "host": "arm-linux-gnueabihf",
              "url": "https://github.com/espressif/esp32-arduino-lib-builder/releases/download/idf-release_v5.1/esp32-arduino-libs-idf-release_v5.1-33fbade6.zip",
              "archiveFileName": "esp32-arduino-libs-idf-release_v5.1-33fbade6.zip",
              "checksum": "SHA-256:578f325fa9fca635d9c6c3b19726cb26077751e3155b677317bde2e0b371df7d",
              "size": "309285463"
            }
          ]
        },
        {
          "name": "xtensa-esp32-elf-gcc",
          "version": "esp-12.2.0_20230208",
          "systems": [
            {
              "host": "x86_64-pc-linux-gnu",
              "url": "https://github.com/espressif/crosstool-NG/releases/download/esp-12.2.0_20230208/xtensa-esp32-elf-12.2.0_20230208-x86_64-linux-gnu.tar.gz",
              "archiveFileName": "xtensa-esp32-elf-12.2.0_20230208-x86_64-linux-gnu.tar.gz",
              "checksum": "SHA-256:e8d35938385447cf9c34735fee2a3b2b61cca6be07db77a45856a1c2a347e423",
              "size": "111766903"
            },
            {
              "host": "aarch64-linux-gnu",
              "url": "https://github.com/espressif/crosstool-NG/releases/download/esp-12.2.0_20230208/xtensa-esp32-elf-12.2.0_20230208-aarch64-linux-gnu.tar.gz",
              "archiveFileName": "xtensa-esp32-elf-12.2.0_20230208-aarch64-linux-gnu.tar.gz",
              "checksum": "SHA-256:569988acfc2673369f222037c64bac96990cee08cebeebc4f8860e0d984f8bd9",
              "size": "106473247"
            },
            {
              "host": "arm-linux-gnueabihf",
              "url": "https://github.com/espressif/crosstool-NG/releases/download/esp-12.2.0_20230208/xtensa-esp32-elf-12.2.0_20230208-arm-linux-gnueabi.tar.gz",
              "archiveFileName": "xtensa-esp32-elf-12.2.0_20230208-arm-linux-gnueabi.tar.gz",
              "checksum": "SHA-256:6a844f16021e936cc9b87b203978356f57ab2144554f6f2a0f73ffa3d3d316c5",
              "size": "105576049"
            },
            {
              "host": "i686-pc-linux-gnu",
              "url": "https://github.com/espressif/crosstool-NG/releases/download/esp-12.2.0_20230208/xtensa-esp32-elf-12.2.0_20230208-i686-linux-gnu.tar.gz",
              "archiveFileName": "xtensa-esp32-elf-12.2.0_20230208-i686-linux-gnu.tar.gz",
              "checksum": "SHA-256:743d6f03a89329bb09f9550d27fcab677f5cf06b4720793bbcef7883a932681d",
              "size": "114870843"
            },
            {
              "host": "x86_64-apple-darwin",
              "url": "https://github.com/espressif/crosstool-NG/releases/download/esp-12.2.0_20230208/xtensa-esp32-elf-12.2.0_20230208-x86_64-apple-darwin.tar.gz",
              "archiveFileName": "xtensa-esp32-elf-12.2.0_20230208-x86_64-apple-darwin.tar.gz",
              "checksum": "SHA-256:4d32d764e984f3a570aacfb2f4957619540fb4629534d969b2e83997901334c3",
              "size": "119424029"
            },
            {
              "host": "arm64-apple-darwin",
              "url": "https://github.com/espressif/crosstool-NG/releases/download/esp-12.2.0_20230208/xtensa-esp32-elf-12.2.0_20230208-aarch64-apple-darwin.tar.gz",
              "archiveFileName": "xtensa-esp32-elf-12.2.0_20230208-aarch64-apple-darwin.tar.gz",
              "checksum": "SHA-256:dc8fa7f4933bf5cb08e83bacce6160cc9dfe93d7aad1e8f92599bb81ff5b2e28",
              "size": "106136827"
            },
            {
              "host": "i686-mingw32",
              "url": "https://github.com/espressif/crosstool-NG/releases/download/esp-12.2.0_20230208/xtensa-esp32-elf-12.2.0_20230208-i686-w64-mingw32.zip",
              "archiveFileName": "xtensa-esp32-elf-12.2.0_20230208-i686-w64-mingw32.zip",
              "checksum": "SHA-256:62bb6428d107ed3f44c212c77ecf24804b74c97327b0f0ad2029c656c6dbd6ee",
              "size": "130847086"
            },
            {
              "host": "x86_64-mingw32",
              "url": "https://github.com/espressif/crosstool-NG/releases/download/esp-12.2.0_20230208/xtensa-esp32-elf-12.2.0_20230208-x86_64-w64-mingw32.zip",
              "archiveFileName": "xtensa-esp32-elf-12.2.0_20230208-x86_64-w64-mingw32.zip",
              "checksum": "SHA-256:8febfe4a6476efc69012390106c8c660a14418f025137b0513670c72124339cf",
              "size": "134985117"
            }
          ]
        },
        {
          "name": "xtensa-esp32s2-elf-gcc",
          "version": "esp-12.2.0_20230208",
          "systems": [
            {
              "host": "x86_64-pc-linux-gnu",
              "url": "https://github.com/espressif/crosstool-NG/releases/download/esp-12.2.0_20230208/xtensa-esp32s2-elf-12.2.0_20230208-x86_64-linux-gnu.tar.gz",
              "archiveFileName": "xtensa-esp32s2-elf-12.2.0_20230208-x86_64-linux-gnu.tar.gz",
              "checksum": "SHA-256:2ff838520a5003d2768b275f5bb5ead69dd2388c3b7cd9043cb59891ba43147f",
              "size": "112199211"
            },
            {
              "host": "aarch64-linux-gnu",
              "url": "https://github.com/espressif/crosstool-NG/releases/download/esp-12.2.0_20230208/xtensa-esp32s2-elf-12.2.0_20230208-aarch64-linux-gnu.tar.gz",
              "archiveFileName": "xtensa-esp32s2-elf-12.2.0_20230208-aarch64-linux-gnu.tar.gz",
              "checksum": "SHA-256:6d79d5b14fc7129a9b8208d54e19b05dedb565f50f7a96264c9df84b06ad3be0",
              "size": "106953064"
            },
            {
              "host": "arm-linux-gnueabihf",
              "url": "https://github.com/espressif/crosstool-NG/releases/download/esp-12.2.0_20230208/xtensa-esp32s2-elf-12.2.0_20230208-arm-linux-gnueabi.tar.gz",
              "archiveFileName": "xtensa-esp32s2-elf-12.2.0_20230208-arm-linux-gnueabi.tar.gz",
              "checksum": "SHA-256:e5bd03b6ad19179b015a93ada9992adc3610036ebf6aeb0835a09c9aadb50a14",
              "size": "106026829"
            },
            {
              "host": "i686-pc-linux-gnu",
              "url": "https://github.com/espressif/crosstool-NG/releases/download/esp-12.2.0_20230208/xtensa-esp32s2-elf-12.2.0_20230208-i686-linux-gnu.tar.gz",
              "archiveFileName": "xtensa-esp32s2-elf-12.2.0_20230208-i686-linux-gnu.tar.gz",
              "checksum": "SHA-256:fb45943557b2d201bbb1bdc7514a1872f9bb96c2dfb48b95abdba281cc792f75",
              "size": "115288662"
            },
            {
              "host": "x86_64-apple-darwin",
              "url": "https://github.com/espressif/crosstool-NG/releases/download/esp-12.2.0_20230208/xtensa-esp32s2-elf-12.2.0_20230208-x86_64-apple-darwin.tar.gz",
              "archiveFileName": "xtensa-esp32s2-elf-12.2.0_20230208-x86_64-apple-darwin.tar.gz",
              "checksum": "SHA-256:e965236cb80e45282d16f40184af183e013b63b177bd1884736c463eac636564",
              "size": "119711811"
            },
            {
              "host": "arm64-apple-darwin",
              "url": "https://github.com/espressif/crosstool-NG/releases/download/esp-12.2.0_20230208/xtensa-esp32s2-elf-12.2.0_20230208-aarch64-apple-darwin.tar.gz",
              "archiveFileName": "xtensa-esp32s2-elf-12.2.0_20230208-aarch64-apple-darwin.tar.gz",
              "checksum": "SHA-256:78a55eec18650b21378d97494989ffe208748e0f49bb2b2d6756b264e1863919",
              "size": "106540817"
            },
            {
              "host": "i686-mingw32",
              "url": "https://github.com/espressif/crosstool-NG/releases/download/esp-12.2.0_20230208/xtensa-esp32s2-elf-12.2.0_20230208-i686-w64-mingw32.zip",
              "archiveFileName": "xtensa-esp32s2-elf-12.2.0_20230208-i686-w64-mingw32.zip",
              "checksum": "SHA-256:1e6dac5162ab75f94b88c47ebeabb6600c652fb4f615ed07c1724d037c02fd19",
              "size": "131273859"
            },
            {
              "host": "x86_64-mingw32",
              "url": "https://github.com/espressif/crosstool-NG/releases/download/esp-12.2.0_20230208/xtensa-esp32s2-elf-12.2.0_20230208-x86_64-w64-mingw32.zip",
              "archiveFileName": "xtensa-esp32s2-elf-12.2.0_20230208-x86_64-w64-mingw32.zip",
              "checksum": "SHA-256:8a785cc4e0838cebe404f82c0ead7a0f9ac5fabc660a742e33a41ddac6326cc1",
              "size": "135373049"
            }
          ]
        },
        {
          "name": "xtensa-esp32s3-elf-gcc",
          "version": "esp-12.2.0_20230208",
          "systems": [
            {
              "host": "x86_64-pc-linux-gnu",
              "url": "https://github.com/espressif/crosstool-NG/releases/download/esp-12.2.0_20230208/xtensa-esp32s3-elf-12.2.0_20230208-x86_64-linux-gnu.tar.gz",
              "archiveFileName": "xtensa-esp32s3-elf-12.2.0_20230208-x86_64-linux-gnu.tar.gz",
              "checksum": "SHA-256:61495ffe575e00c6998ae7274ff917658c04bded62ece0937c7042d6dcbf46de",
              "size": "111971129"
            },
            {
              "host": "aarch64-linux-gnu",
              "url": "https://github.com/espressif/crosstool-NG/releases/download/esp-12.2.0_20230208/xtensa-esp32s3-elf-12.2.0_20230208-aarch64-linux-gnu.tar.gz",
              "archiveFileName": "xtensa-esp32s3-elf-12.2.0_20230208-aarch64-linux-gnu.tar.gz",
              "checksum": "SHA-256:9008d395be46fcfe68c7de6edc850fc1595f28323a28e7922e5c085bd310cb90",
              "size": "106616800"
            },
            {
              "host": "arm-linux-gnueabihf",
              "url": "https://github.com/espressif/crosstool-NG/releases/download/esp-12.2.0_20230208/xtensa-esp32s3-elf-12.2.0_20230208-arm-linux-gnueabi.tar.gz",
              "archiveFileName": "xtensa-esp32s3-elf-12.2.0_20230208-arm-linux-gnueabi.tar.gz",
              "checksum": "SHA-256:568857bdac7dea389dffc7fbc6871b4af299150a8ecf1bf965f224d2a1655edb",
              "size": "105700326"
            },
            {
              "host": "i686-pc-linux-gnu",
              "url": "https://github.com/espressif/crosstool-NG/releases/download/esp-12.2.0_20230208/xtensa-esp32s3-elf-12.2.0_20230208-i686-linux-gnu.tar.gz",
              "archiveFileName": "xtensa-esp32s3-elf-12.2.0_20230208-i686-linux-gnu.tar.gz",
              "checksum": "SHA-256:d122738bcc6c2f52d05fa89b2fb1afe6a7894cda8a07a1879aca867a31507ed0",
              "size": "115098400"
            },
            {
              "host": "x86_64-apple-darwin",
              "url": "https://github.com/espressif/crosstool-NG/releases/download/esp-12.2.0_20230208/xtensa-esp32s3-elf-12.2.0_20230208-x86_64-apple-darwin.tar.gz",
              "archiveFileName": "xtensa-esp32s3-elf-12.2.0_20230208-x86_64-apple-darwin.tar.gz",
              "checksum": "SHA-256:7defcddb98788b0991416ad2e0cb6a3b248b8030f22d5d76b8832117cc1494ca",
              "size": "119883189"
            },
            {
              "host": "arm64-apple-darwin",
              "url": "https://github.com/espressif/crosstool-NG/releases/download/esp-12.2.0_20230208/xtensa-esp32s3-elf-12.2.0_20230208-aarch64-apple-darwin.tar.gz",
              "archiveFileName": "xtensa-esp32s3-elf-12.2.0_20230208-aarch64-apple-darwin.tar.gz",
              "checksum": "SHA-256:b59e076f8e4b9ca99535d449f9fc4cbb443188051dce4ad934e38f16b095f8d9",
              "size": "106464677"
            },
            {
              "host": "i686-mingw32",
              "url": "https://github.com/espressif/crosstool-NG/releases/download/esp-12.2.0_20230208/xtensa-esp32s3-elf-12.2.0_20230208-i686-w64-mingw32.zip",
              "archiveFileName": "xtensa-esp32s3-elf-12.2.0_20230208-i686-w64-mingw32.zip",
              "checksum": "SHA-256:3ddf51774817e815e5d41c312a90c1159226978fb45fd0d4f7085c567f8b73ab",
              "size": "131134034"
            },
            {
              "host": "x86_64-mingw32",
              "url": "https://github.com/espressif/crosstool-NG/releases/download/esp-12.2.0_20230208/xtensa-esp32s3-elf-12.2.0_20230208-x86_64-w64-mingw32.zip",
              "archiveFileName": "xtensa-esp32s3-elf-12.2.0_20230208-x86_64-w64-mingw32.zip",
              "checksum": "SHA-256:1d15ca65e3508388a86d8bed3048c46d07538f5bc88d3e4296f9c03152087cd1",
              "size": "135381926"
            }
          ]
        },
        {
          "name": "xtensa-esp-elf-gdb",
          "version": "12.1_20231023",
          "systems": [
            {
              "host": "x86_64-pc-linux-gnu",
              "url": "https://github.com/espressif/binutils-gdb/releases/download/esp-gdb-v12.1_20231023/xtensa-esp-elf-gdb-12.1_20231023-x86_64-linux-gnu.tar.gz",
              "archiveFileName": "xtensa-esp-elf-gdb-12.1_20231023-x86_64-linux-gnu.tar.gz",
              "checksum": "SHA-256:d0743ec43cd92c35452a9097f7863281de4e72f04120d63cfbcf9d591a373529",
              "size": "36942094"
            },
            {
              "host": "aarch64-linux-gnu",
              "url": "https://github.com/espressif/binutils-gdb/releases/download/esp-gdb-v12.1_20231023/xtensa-esp-elf-gdb-12.1_20231023-aarch64-linux-gnu.tar.gz",
              "archiveFileName": "xtensa-esp-elf-gdb-12.1_20231023-aarch64-linux-gnu.tar.gz",
              "checksum": "SHA-256:bc1fac0366c6a08e26c45896ca21c8c90efc2cdd431b8ba084e8772e15502d0e",
              "size": "37134601"
            },
            {
              "host": "arm-linux-gnueabihf",
              "url": "https://github.com/espressif/binutils-gdb/releases/download/esp-gdb-v12.1_20231023/xtensa-esp-elf-gdb-12.1_20231023-arm-linux-gnueabi.tar.gz",
              "archiveFileName": "xtensa-esp-elf-gdb-12.1_20231023-arm-linux-gnueabi.tar.gz",
              "checksum": "SHA-256:25efc51d52b71f097ccec763c5c885c8f5026b432fec4b5badd6a5f36fe34d04",
              "size": "34579556"
            },
            {
              "host": "i686-pc-linux-gnu",
              "url": "https://github.com/espressif/binutils-gdb/releases/download/esp-gdb-v12.1_20231023/xtensa-esp-elf-gdb-12.1_20231023-i586-linux-gnu.tar.gz",
              "archiveFileName": "xtensa-esp-elf-gdb-12.1_20231023-i586-linux-gnu.tar.gz",
              "checksum": "SHA-256:e0af0b3b4a6b29a843cd5f47e331a966d9258f7d825b4656c6251490f71b05b2",
              "size": "35676578"
            },
            {
              "host": "x86_64-apple-darwin",
              "url": "https://github.com/espressif/binutils-gdb/releases/download/esp-gdb-v12.1_20231023/xtensa-esp-elf-gdb-12.1_20231023-x86_64-apple-darwin14.tar.gz",
              "archiveFileName": "xtensa-esp-elf-gdb-12.1_20231023-x86_64-apple-darwin14.tar.gz",
              "checksum": "SHA-256:bd146fd99a52b2d71c7ce0f62b9e18f3423d6cae7b2b2c954046b0dd7a23142f",
              "size": "52863941"
            },
            {
              "host": "arm64-apple-darwin",
              "url": "https://github.com/espressif/binutils-gdb/releases/download/esp-gdb-v12.1_20231023/xtensa-esp-elf-gdb-12.1_20231023-aarch64-apple-darwin21.1.tar.gz",
              "archiveFileName": "xtensa-esp-elf-gdb-12.1_20231023-aarch64-apple-darwin21.1.tar.gz",
              "checksum": "SHA-256:5edc76565bf9d2fadf24e443ddf3df7567354f336a65d4af5b2ee805cdfcec24",
              "size": "33504923"
            },
            {
              "host": "i686-mingw32",
              "url": "https://github.com/espressif/binutils-gdb/releases/download/esp-gdb-v12.1_20231023/xtensa-esp-elf-gdb-12.1_20231023-i686-w64-mingw32.zip",
              "archiveFileName": "xtensa-esp-elf-gdb-12.1_20231023-i686-w64-mingw32.zip",
              "checksum": "SHA-256:ea4f3ee6b95ad1ad2e07108a21a50037a3e64a420cdeb34b2ba95d612faed898",
              "size": "31068749"
            },
            {
              "host": "x86_64-mingw32",
              "url": "https://github.com/espressif/binutils-gdb/releases/download/esp-gdb-v12.1_20231023/xtensa-esp-elf-gdb-12.1_20231023-x86_64-w64-mingw32.zip",
              "archiveFileName": "xtensa-esp-elf-gdb-12.1_20231023-x86_64-w64-mingw32.zip",
              "checksum": "SHA-256:13bb97f39173948d1cfb6e651d9b335ea9d52f1fdd0dda1eda3a2d23d8c63644",
              "size": "33514906"
            }
          ]
        },
        {
          "name": "riscv32-esp-elf-gcc",
          "version": "esp-12.2.0_20230208",
          "systems": [
            {
              "host": "x86_64-pc-linux-gnu",
              "url": "https://github.com/espressif/crosstool-NG/releases/download/esp-12.2.0_20230208/riscv32-esp-elf-12.2.0_20230208-x86_64-linux-gnu.tar.gz",
              "archiveFileName": "riscv32-esp-elf-12.2.0_20230208-x86_64-linux-gnu.tar.gz",
              "checksum": "SHA-256:1eb0d65990547ee9706b90406600cbc3638814d5feb7c1f7b44bb5416478a5bd",
              "size": "257615266"
            },
            {
              "host": "aarch64-linux-gnu",
              "url": "https://github.com/espressif/crosstool-NG/releases/download/esp-12.2.0_20230208/riscv32-esp-elf-12.2.0_20230208-aarch64-linux-gnu.tar.gz",
              "archiveFileName": "riscv32-esp-elf-12.2.0_20230208-aarch64-linux-gnu.tar.gz",
              "checksum": "SHA-256:921fcdc170c7fe5d6a0a30470ed1875c8926d910c19739fc950c8d1836e4c1c5",
              "size": "253094184"
            },
            {
              "host": "arm-linux-gnueabihf",
              "url": "https://github.com/espressif/crosstool-NG/releases/download/esp-12.2.0_20230208/riscv32-esp-elf-12.2.0_20230208-arm-linux-gnueabi.tar.gz",
              "archiveFileName": "riscv32-esp-elf-12.2.0_20230208-arm-linux-gnueabi.tar.gz",
              "checksum": "SHA-256:f66e06312b58251c2121c1b1df1102565708573b86b2a9fe0c03ea1b0e9a7511",
              "size": "252558021"
            },
            {
              "host": "i686-pc-linux-gnu",
              "url": "https://github.com/espressif/crosstool-NG/releases/download/esp-12.2.0_20230208/riscv32-esp-elf-12.2.0_20230208-i686-linux-gnu.tar.gz",
              "archiveFileName": "riscv32-esp-elf-12.2.0_20230208-i686-linux-gnu.tar.gz",
              "checksum": "SHA-256:8abcac0331ef8973d1c705e77523364ebec7e98b37640d4a1d036912f3cbe946",
              "size": "261248375"
            },
            {
              "host": "x86_64-apple-darwin",
              "url": "https://github.com/espressif/crosstool-NG/releases/download/esp-12.2.0_20230208/riscv32-esp-elf-12.2.0_20230208-x86_64-apple-darwin.tar.gz",
              "archiveFileName": "riscv32-esp-elf-12.2.0_20230208-x86_64-apple-darwin.tar.gz",
              "checksum": "SHA-256:76a334bc75a4e3891c222c84d7968817f2d0699d2976fc2a1658e56395283bec",
              "size": "268987133"
            },
            {
              "host": "arm64-apple-darwin",
              "url": "https://github.com/espressif/crosstool-NG/releases/download/esp-12.2.0_20230208/riscv32-esp-elf-12.2.0_20230208-aarch64-apple-darwin.tar.gz",
              "archiveFileName": "riscv32-esp-elf-12.2.0_20230208-aarch64-apple-darwin.tar.gz",
              "checksum": "SHA-256:f30571945b257a10a26901bba3c5892e07c192aacf9ed6e8fcd11ca36ed827d2",
              "size": "252159713"
            },
            {
              "host": "i686-mingw32",
              "url": "https://github.com/espressif/crosstool-NG/releases/download/esp-12.2.0_20230208/riscv32-esp-elf-12.2.0_20230208-i686-w64-mingw32.zip",
              "archiveFileName": "riscv32-esp-elf-12.2.0_20230208-i686-w64-mingw32.zip",
              "checksum": "SHA-256:a5dfbb6dbf6fc6c6ea9beb2723af059ba3c5b2c86c2f0dc3b21afdc7bb229bf5",
              "size": "324863847"
            },
            {
              "host": "x86_64-mingw32",
              "url": "https://github.com/espressif/crosstool-NG/releases/download/esp-12.2.0_20230208/riscv32-esp-elf-12.2.0_20230208-x86_64-w64-mingw32.zip",
              "archiveFileName": "riscv32-esp-elf-12.2.0_20230208-x86_64-w64-mingw32.zip",
              "checksum": "SHA-256:9deae9e0013b2f7bbf017f9c8135755bfa89522f337c7dca35872bf12ec08176",
              "size": "328092732"
            }
          ]
        },
        {
          "name": "riscv32-esp-elf-gdb",
          "version": "12.1_20231023",
          "systems": [
            {
              "host": "x86_64-pc-linux-gnu",
              "url": "https://github.com/espressif/binutils-gdb/releases/download/esp-gdb-v12.1_20231023/riscv32-esp-elf-gdb-12.1_20231023-x86_64-linux-gnu.tar.gz",
              "archiveFileName": "riscv32-esp-elf-gdb-12.1_20231023-x86_64-linux-gnu.tar.gz",
              "checksum": "SHA-256:2c78b806be176b1e449e07ff83429d38dfc39a13f89a127ac1ffa6c1230537a0",
              "size": "36630145"
            },
            {
              "host": "aarch64-linux-gnu",
              "url": "https://github.com/espressif/binutils-gdb/releases/download/esp-gdb-v12.1_20231023/riscv32-esp-elf-gdb-12.1_20231023-aarch64-linux-gnu.tar.gz",
              "archiveFileName": "riscv32-esp-elf-gdb-12.1_20231023-aarch64-linux-gnu.tar.gz",
              "checksum": "SHA-256:33f80117c8777aaff9179e27953e41764c5c46b3c576dc96a37ecc7a368807ec",
              "size": "36980143"
            },
            {
              "host": "arm-linux-gnueabihf",
              "url": "https://github.com/espressif/binutils-gdb/releases/download/esp-gdb-v12.1_20231023/riscv32-esp-elf-gdb-12.1_20231023-arm-linux-gnueabi.tar.gz",
              "archiveFileName": "riscv32-esp-elf-gdb-12.1_20231023-arm-linux-gnueabi.tar.gz",
              "checksum": "SHA-256:292e6ec0a9381c1480bbadf5caae25e86428b68fb5d030c9be7deda5e7f070e0",
              "size": "34950318"
            },
            {
              "host": "i686-pc-linux-gnu",
              "url": "https://github.com/espressif/binutils-gdb/releases/download/esp-gdb-v12.1_20231023/riscv32-esp-elf-gdb-12.1_20231023-i586-linux-gnu.tar.gz",
              "archiveFileName": "riscv32-esp-elf-gdb-12.1_20231023-i586-linux-gnu.tar.gz",
              "checksum": "SHA-256:68a25fbcfc6371ec4dbe503ec92211977eb2006f0c29e67dbce6b93c70c6b7ec",
              "size": "35801607"
            },
            {
              "host": "x86_64-apple-darwin",
              "url": "https://github.com/espressif/binutils-gdb/releases/download/esp-gdb-v12.1_20231023/riscv32-esp-elf-gdb-12.1_20231023-x86_64-apple-darwin14.tar.gz",
              "archiveFileName": "riscv32-esp-elf-gdb-12.1_20231023-x86_64-apple-darwin14.tar.gz",
              "checksum": "SHA-256:322c722e6c12225ed8cd97f95a0375105756dc5113d369958ce0858ad1a90257",
              "size": "52618688"
            },
            {
              "host": "arm64-apple-darwin",
              "url": "https://github.com/espressif/binutils-gdb/releases/download/esp-gdb-v12.1_20231023/riscv32-esp-elf-gdb-12.1_20231023-aarch64-apple-darwin21.1.tar.gz",
              "archiveFileName": "riscv32-esp-elf-gdb-12.1_20231023-aarch64-apple-darwin21.1.tar.gz",
              "checksum": "SHA-256:c2224b3a8d02451c530cf004c29653292d963a1b4021b4b472b862b6dbe97e0b",
              "size": "33149392"
            },
            {
              "host": "i686-mingw32",
              "url": "https://github.com/espressif/binutils-gdb/releases/download/esp-gdb-v12.1_20231023/riscv32-esp-elf-gdb-12.1_20231023-i686-w64-mingw32.zip",
              "archiveFileName": "riscv32-esp-elf-gdb-12.1_20231023-i686-w64-mingw32.zip",
              "checksum": "SHA-256:4b42149a99dd87ee7e6dde25c99bad966c7f964253fa8f771593d7cef69f5602",
              "size": "31635103"
            },
            {
              "host": "x86_64-mingw32",
              "url": "https://github.com/espressif/binutils-gdb/releases/download/esp-gdb-v12.1_20231023/riscv32-esp-elf-gdb-12.1_20231023-x86_64-w64-mingw32.zip",
              "archiveFileName": "riscv32-esp-elf-gdb-12.1_20231023-x86_64-w64-mingw32.zip",
              "checksum": "SHA-256:728231546ad5006d34463f972658b2a89e52f660a42abab08a29bedd4a8046ad",
              "size": "33400816"
            }
          ]
        },
        {
          "name": "openocd-esp32",
          "version": "v0.12.0-esp32-20240821",
          "systems": [
            {
              "host": "x86_64-pc-linux-gnu",
              "url": "https://github.com/espressif/openocd-esp32/releases/download/v0.12.0-esp32-20240821/openocd-esp32-linux-amd64-0.12.0-esp32-20240821.tar.gz",
              "archiveFileName": "openocd-esp32-linux-amd64-0.12.0-esp32-20240821.tar.gz",
              "checksum": "SHA-256:f8c68541fa38307bc0c0763b7e1e3fe4e943d5d45da07d817a73b492e103b652",
              "size": "2373094"
            },
            {
              "host": "aarch64-linux-gnu",
              "url": "https://github.com/espressif/openocd-esp32/releases/download/v0.12.0-esp32-20240821/openocd-esp32-linux-arm64-0.12.0-esp32-20240821.tar.gz",
              "archiveFileName": "openocd-esp32-linux-arm64-0.12.0-esp32-20240821.tar.gz",
              "checksum": "SHA-256:4d6e263d84e447354dc685848557d6c284dda7fe007ee451f729a7edfa7baad7",
              "size": "2251272"
            },
            {
              "host": "arm-linux-gnueabihf",
              "url": "https://github.com/espressif/openocd-esp32/releases/download/v0.12.0-esp32-20240821/openocd-esp32-linux-armel-0.12.0-esp32-20240821.tar.gz",
              "archiveFileName": "openocd-esp32-linux-armel-0.12.0-esp32-20240821.tar.gz",
              "checksum": "SHA-256:9d45679f2c4cf450d5e2350047cf57bb76dde2487d30cebce0a72c9173b5c45b",
              "size": "2390074"
            },
            {
              "host": "x86_64-apple-darwin",
              "url": "https://github.com/espressif/openocd-esp32/releases/download/v0.12.0-esp32-20240821/openocd-esp32-macos-0.12.0-esp32-20240821.tar.gz",
              "archiveFileName": "openocd-esp32-macos-0.12.0-esp32-20240821.tar.gz",
              "checksum": "SHA-256:565c8fabc5f19a6e7a0864a294d74b307eec30b9291d16d3fc90e273f0330cb4",
              "size": "2485320"
            },
            {
              "host": "arm64-apple-darwin",
              "url": "https://github.com/espressif/openocd-esp32/releases/download/v0.12.0-esp32-20240821/openocd-esp32-macos-arm64-0.12.0-esp32-20240821.tar.gz",
              "archiveFileName": "openocd-esp32-macos-arm64-0.12.0-esp32-20240821.tar.gz",
              "checksum": "SHA-256:68c5c7cf3d15b9810939a5edabc6ff2c9f4fc32262de91fc292a180bc5cc0637",
              "size": "2530336"
            },
            {
              "host": "i686-mingw32",
              "url": "https://github.com/espressif/openocd-esp32/releases/download/v0.12.0-esp32-20240821/openocd-esp32-win32-0.12.0-esp32-20240821.zip",
              "archiveFileName": "openocd-esp32-win32-0.12.0-esp32-20240821.zip",
              "checksum": "SHA-256:463fc2903ddaf03f86ff50836c5c63cc696550b0446140159eddfd2e85570c5d",
              "size": "2916409"
            },
            {
              "host": "x86_64-mingw32",
              "url": "https://github.com/espressif/openocd-esp32/releases/download/v0.12.0-esp32-20240821/openocd-esp32-win64-0.12.0-esp32-20240821.zip",
              "archiveFileName": "openocd-esp32-win64-0.12.0-esp32-20240821.zip",
              "checksum": "SHA-256:550f57369f1f1f6cc600b5dffa3378fd6164d8ea8db7c567cf41091771f090cb",
              "size": "2916408"
            }
          ]
        },
        {
          "name": "esptool_py",
          "version": "4.6",
          "systems": [
            {
              "host": "x86_64-pc-linux-gnu",
              "url": "https://github.com/espressif/arduino-esp32/releases/download/2.0.9/esptool-v4.6-src.tar.gz",
              "archiveFileName": "esptool-v4.6-src.tar.gz",
              "checksum": "SHA-256:22f9bad0cd1cea14e554ac1f4a6d8f67415ff7029a66ce9130756276e7264e5a",
              "size": "99141"
            },
            {
              "host": "i686-pc-linux-gnu",
              "url": "https://github.com/espressif/arduino-esp32/releases/download/2.0.9/esptool-v4.6-src.tar.gz",
              "archiveFileName": "esptool-v4.6-src.tar.gz",
              "checksum": "SHA-256:22f9bad0cd1cea14e554ac1f4a6d8f67415ff7029a66ce9130756276e7264e5a",
              "size": "99141"
            },
            {
              "host": "aarch64-linux-gnu",
              "url": "https://github.com/espressif/arduino-esp32/releases/download/2.0.9/esptool-v4.6-src.tar.gz",
              "archiveFileName": "esptool-v4.6-src.tar.gz",
              "checksum": "SHA-256:22f9bad0cd1cea14e554ac1f4a6d8f67415ff7029a66ce9130756276e7264e5a",
              "size": "99141"
            },
            {
              "host": "arm-linux-gnueabihf",
              "url": "https://github.com/espressif/arduino-esp32/releases/download/2.0.9/esptool-v4.6-src.tar.gz",
              "archiveFileName": "esptool-v4.6-src.tar.gz",
              "checksum": "SHA-256:22f9bad0cd1cea14e554ac1f4a6d8f67415ff7029a66ce9130756276e7264e5a",
              "size": "99141"
            },
            {
              "host": "x86_64-apple-darwin",
              "url": "https://github.com/espressif/arduino-esp32/releases/download/2.0.9/esptool-v4.6-macos.tar.gz",
              "archiveFileName": "esptool-v4.6-macos.tar.gz",
              "checksum": "SHA-256:885ec69fcffdcb9e7c6eacd2589f13a45ce6bcb6742bea368ec3a73bcca6dd59",
              "size": "5851297"
            },
            {
              "host": "x86_64-mingw32",
              "url": "https://github.com/espressif/arduino-esp32/releases/download/2.0.9/esptool-v4.6-win64.zip",
              "archiveFileName": "esptool-v4.6-win64.zip",
              "checksum": "SHA-256:c7c68cd1aa520cbfce488ff6a77818ece272272eb012831b9d9ab1280a7c393f",
              "size": "6638480"
            },
            {
              "host": "i686-mingw32",
              "url": "https://github.com/espressif/arduino-esp32/releases/download/2.0.9/esptool-v4.6-win64.zip",
              "archiveFileName": "esptool-v4.6-win64.zip",
              "checksum": "SHA-256:c7c68cd1aa520cbfce488ff6a77818ece272272eb012831b9d9ab1280a7c393f",
              "size": "6638480"
            }
          ]
        },
        {
          "version": "3.0.0-gnu12-dc7f933",
          "name": "mklittlefs",
          "systems": [
            {
              "host": "aarch64-linux-gnu",
              "url": "https://github.com/earlephilhower/esp-quick-toolchain/releases/download/3.0.0-gnu12/aarch64-linux-gnu.mklittlefs-c41e51a.200706.tar.gz",
              "archiveFileName": "aarch64-linux-gnu.mklittlefs-c41e51a.200706.tar.gz",
              "checksum": "SHA-256:fc56e389383749e4cf4fab0fcf75cc0ebc41e59383caf6c2eff1c3d9794af200",
              "size": "44651"
            },
            {
              "host": "arm-linux-gnueabihf",
              "url": "https://github.com/earlephilhower/esp-quick-toolchain/releases/download/3.0.0-gnu12/arm-linux-gnueabihf.mklittlefs-c41e51a.200706.tar.gz",
              "archiveFileName": "arm-linux-gnueabihf.mklittlefs-c41e51a.200706.tar.gz",
              "checksum": "SHA-256:52b642dd0545eb3bd8dfb75dde6601df21700e4867763fd2696274be279294c5",
              "size": "37211"
            },
            {
              "host": "i686-pc-linux-gnu",
              "url": "https://github.com/earlephilhower/esp-quick-toolchain/releases/download/3.0.0-gnu12/i686-linux-gnu.mklittlefs-c41e51a.200706.tar.gz",
              "archiveFileName": "i686-linux-gnu.mklittlefs-c41e51a.200706.tar.gz",
              "checksum": "SHA-256:7886051d8ccc54aed0af2e7cdf6ff992bb51638df86f3b545955697720b6d062",
              "size": "48033"
            },
            {
              "host": "i686-mingw32",
              "url": "https://github.com/earlephilhower/esp-quick-toolchain/releases/download/3.0.0-gnu12/i686-w64-mingw32.mklittlefs-c41e51a.200706.zip",
              "archiveFileName": "i686-w64-mingw32.mklittlefs-c41e51a.200706.zip",
              "checksum": "SHA-256:43740db30ce451454f2337331f10ab4ed41bd83dbf0fa0cb4387107388b59f42",
              "size": "332655"
            },
            {
              "host": "x86_64-apple-darwin",
              "url": "https://github.com/earlephilhower/esp-quick-toolchain/releases/download/3.0.0-gnu12/x86_64-apple-darwin14.mklittlefs-c41e51a.200706.tar.gz",
              "archiveFileName": "x86_64-apple-darwin14.mklittlefs-c41e51a.200706.tar.gz",
              "checksum": "SHA-256:e3edd5e05b70db3c7df6b9d626558348ad04804022fe955c799aeb51808c7dc3",
              "size": "362608"
            },
            {
              "host": "x86_64-pc-linux-gnu",
              "url": "https://github.com/earlephilhower/esp-quick-toolchain/releases/download/3.0.0-gnu12/x86_64-linux-gnu.mklittlefs-c41e51a.200706.tar.gz",
              "archiveFileName": "x86_64-linux-gnu.mklittlefs-c41e51a.200706.tar.gz",
              "checksum": "SHA-256:66e84dda0aad747517da3785125e05738a540948aab2b7eaa02855167a1eea53",
              "size": "46778"
            },
            {
              "host": "x86_64-mingw32",
              "url": "https://github.com/earlephilhower/esp-quick-toolchain/releases/download/3.0.0-gnu12/x86_64-w64-mingw32.mklittlefs-c41e51a.200706.zip",
              "archiveFileName": "x86_64-w64-mingw32.mklittlefs-c41e51a.200706.zip",
              "checksum": "SHA-256:2e319077491f8e832e96eb4f2f7a70dd919333cee4b388c394e0e848d031d542",
              "size": "345132"
            }
          ]
        },
        {
          "name": "mkspiffs",
          "version": "0.2.3",
          "systems": [
            {
              "host": "i686-mingw32",
              "url": "https://github.com/igrr/mkspiffs/releases/download/0.2.3/mkspiffs-0.2.3-arduino-esp32-win32.zip",
              "archiveFileName": "mkspiffs-0.2.3-arduino-esp32-win32.zip",
              "checksum": "SHA-256:b647f2c2efe6949819c85ea9404271b55c7c9c25bcb98d3b98a1d0ba771adf56",
              "size": "249809"
            },
            {
              "host": "x86_64-apple-darwin",
              "url": "https://github.com/igrr/mkspiffs/releases/download/0.2.3/mkspiffs-0.2.3-arduino-esp32-osx.tar.gz",
              "archiveFileName": "mkspiffs-0.2.3-arduino-esp32-osx.tar.gz",
              "checksum": "SHA-256:9f43fc74a858cf564966b5035322c3e5e61c31a647c5a1d71b388ed6efc48423",
              "size": "130270"
            },
            {
              "host": "i386-apple-darwin",
              "url": "https://github.com/igrr/mkspiffs/releases/download/0.2.3/mkspiffs-0.2.3-arduino-esp32-osx.tar.gz",
              "archiveFileName": "mkspiffs-0.2.3-arduino-esp32-osx.tar.gz",
              "checksum": "SHA-256:9f43fc74a858cf564966b5035322c3e5e61c31a647c5a1d71b388ed6efc48423",
              "size": "130270"
            },
            {
              "host": "x86_64-pc-linux-gnu",
              "url": "https://github.com/igrr/mkspiffs/releases/download/0.2.3/mkspiffs-0.2.3-arduino-esp32-linux64.tar.gz",
              "archiveFileName": "mkspiffs-0.2.3-arduino-esp32-linux64.tar.gz",
              "checksum": "SHA-256:5e1a4ff41385e842f389f6b5254102a547e566a06b49babeffa93ef37115cb5d",
              "size": "50646"
            },
            {
              "host": "i686-pc-linux-gnu",
              "url": "https://github.com/igrr/mkspiffs/releases/download/0.2.3/mkspiffs-0.2.3-arduino-esp32-linux32.tar.gz",
              "archiveFileName": "mkspiffs-0.2.3-arduino-esp32-linux32.tar.gz",
              "checksum": "SHA-256:464463a93e8833209cdc29ba65e1a12fec31718dc10075c195a2445b2c3f6cb0",
              "size": "48751"
            },
            {
              "host": "arm-linux-gnueabihf",
              "url": "https://github.com/igrr/mkspiffs/releases/download/0.2.3/mkspiffs-0.2.3-arduino-esp32-linux-armhf.tar.gz",
              "archiveFileName": "mkspiffs-0.2.3-arduino-esp32-linux-armhf.tar.gz",
              "checksum": "SHA-256:ade3dc00117912ac08a1bdbfbfe76b12d21a34bc5fa1de0cfc45fe7a8d0a0185",
              "size": "40665"
            },
            {
              "host": "aarch64-linux-gnu",
              "url": "https://github.com/igrr/mkspiffs/releases/download/0.2.3/mkspiffs-0.2.3-arduino-esp32-linux-armhf.tar.gz",
              "archiveFileName": "mkspiffs-0.2.3-arduino-esp32-linux-armhf.tar.gz",
              "checksum": "SHA-256:ade3dc00117912ac08a1bdbfbfe76b12d21a34bc5fa1de0cfc45fe7a8d0a0185",
              "size": "40665"
            }
          ]
        }
      ]
    }
  ]
}
